{"last_updated":"2025-11-22T17:23:57.265473","search_counts":{"女儿":32,"口技":1,"12":2,"76":2,"91":6,"幼女":84,"幼女内射":28,"内射幼女":3,"8岁":1,"12岁":3,"cos":4,"牙子":2,"幼儿":5,"初中":32,"中学":3,"口":10,"口交":6,"姐妹花":1,"写真":14,"日本萝莉":1,"machina":1,"炒肉哥":13,"双飞":13,"下药":11,"牙医":4,"睡觉":4,"幼儿园":46,"迷药":2,"mj":2,"幼厕":2,"尸体":5,"奸尸":5,"调教":11,"外出":1,"内射":33,"怀孕":4,"浴室":5,"幼儿园内射":1,"内射儿童":1,"内射幼儿园":1,"黄油":1,"吞精":4,"灌满":1,"无套":2,"捆绑":32,"小学":20,"p_AgACAgEAAxkBN5XJ3mX5zHIgSeT7nZOoeDEI1ICaI2gdAAJnrDEbYL6BRlPxR0i9490ZAQADAgADeQADNAQ":5,"vi_BAACAgQAAxkBN5XJ92X5zHLlk9fiWysioGcuKaTwUdRZAALfEQAC6L6JU433xtAsdkVMNAQ":1,"vi_BAACAgEAAxkBN5XJ4WX5zHIQZqXDlXSZpqugL2VryoLEAAJzAwACYL6BRviZyabjZNBgNAQ":1,"孕妇":2,"洗澡":10,"妹妹":11,"紫色面具":5,"肛门":1,"姐妹":1,"未成年人":1,"未成年":1,"破除":1,"破处":9,"口爆":2,"双人":1,"日本父女":3,"深喉":3,"农村":4,"强奸":12,"初中生":5,"小学生":11,"打屁股":30,"父女":5,"母女":12,"拘束调教":1,"换衣服":3,"更衣":4,"童星":1,"裴佳欣":1,"运动":1,"日本":15,"日本小学":1,"和服":1,"日本学生":1,"露点":4,"假精液":1,"童颜":1,"呦女":1,"裸聊":2,"奶子":1,"Namy下药":1,"namy":1,"幼幼":4,"幼女女儿":1,"肛交幼女":1,"肛交":4,"合集":23,"百丽宫举牌":3,"百丽宫":6,"30":2,"操逼":1,"欧美走后门":1,"欧美呦呦":2,"ai":22,"舞蹈":10,"迷":3,"去衣":8,"50":2,"炒肉":3,"睡":3,"睡奸":5,"宿舍":4,"2":4,"🔥 热搜榜单 TOP 10\n\n1. 幼女内射 - 4次\n2. 幼儿园 - 4次\n3. 去衣 - 4次\n4. 幼女 - 3次\n5. 口 - 3次\n6. p_AgACAgEAAxkBN5XJ3mX5zHIgSeT7nZOoeDEI1ICaI2gdAAJnrDEbYL6BRlPxR0i9490ZAQADAgADeQADNAQ - 3次\n7. 女儿 - 2次\n8. 内射幼女 - 2次\n9. 双飞 - 2次\n10. 下药 - 2次\n\n💡 点击热搜关键词可直接搜索":1,"10":3,"Toddler":1,"萌小鸭":1,"showfilesbot_1V_K1H7d4Q1D2d5B6g3P9P5":1,"学生宿舍":1,"女生宿舍":1,"厕所偷拍":1,"羞耻":1,"洋群":1,"抖音":8,"暑假作业":2,"调教幼女":2,"指挥":3,"四年級":1,"stars session":1,"Mask":1,"Cp":1,"opva":1,"鄂州":1,"领养":4,"乱交":2,"孕肚":1,"紫色":1,"家有仙桃妻":1,"1":6,"女神":1,"兄妹":6,"pk_1zo2EicyazqDcj9yMlqCKj5ec2YzijceL2oXS":1,"插入":17,"性奴":4,"逼":2,"兔子":1,"西边的风":5,"跳蛋":3,"sm":11,"失禁":3,"猥亵":3,"留守":2,"禽兽":1,"强迫":3,"颜射":3,"sM":1,"侄女":2,"昏睡":1,"打飞机":2,"尿":10,"安眠":1,"瑶瑶":7,"骚麦":1,"淫诗":1,"用东西插幼穴":1,"幼穴 烟":1,"玩幼穴":1,"幼穴":1,"道全":3,"幼":7,"绑架":4,"表妹":3,"双马尾":3,"露脸":1,"虐":9,"杀":1,"解剖":1,"户外":5,"露出":5,"尾巴":1,"狐尾":1,"可爱":13,"整理":2,"柔术萝莉":1,"柔术":1,"Deepthroat":1,"レイプ":1,"強姦":1,"尿裤子":4,"嘘嘘":1,"链子":1,"针":1,"喷":1,"喷尿":1,"扎":1,"小便":5,"内裤":5,"9":1,"傅祖梅":1,"陈大佬":1,"豆豆":5,"全集":2,"真实插入":2,"子宫":1,"宫颈":1,"黑人":1,"小表妹":3,"小马拉大车":1,"showfilesbot_1V_j1R7w4V1R8z7c0w979Y3":1,"showfilesbot_1V_e1x7m358W7a9e6t3B3T2":1,"showfilesbot_1V_N1T733J9o9I8M0A0E3V0":1,"vi_BAACAgUAAxkBAAH96GlmDXgGSFbAT8Z5xVV_Uj72fhA9GgAC-w0AAr8maVQVE0BfkpQ2mzQE":2,"0t-1P_y167y4m854l7A308o9m5":1,"ot_1P_y167y4m854l7A308o9m5":1,"pt_1P_y167y4m854l7A308o9m5":1,"咬兔子":5,"大奶":1,"野外":3,"囗交":1,"校服":2,"白丝":13,"鬼父":1,"女婴":3,"骚妈":1,"婴儿":10,"Hurt":1,"北极光":1,"polarlight":1,"tara":2,"东南亚":4,"面具":1,"胖":3,"vi_BAACAgUAAxkBNB3h-GXmoy12bks2ajkbs5yhCVszfvmBAAJVBgACPONZV8srkzhDnQv9NAQ":1,"纸尿裤":2,"尿布":5,"拉拉裤":1,"随地":2,"大便":7,"开裆裤":2,"萝莉":12,"spanking":1,"spank":1,"体罚":1,"紧缚":2,"bdsm":2,"bondage":3,"高中":9,"自拍":3,"发育好":1,"视频":4,"双":1,"一字马":3,"表演":3,"我本初中":2,"张梦":1,"我本高中":1,"我本初高中":1,"我本":2,"吴艳妃":1,"我要出彩":1,"扩张":2,"原创":11,"女生":1,"初一":2,"抄底":4,"裙底":2,"迷奸":13,"尸":4,"偷拍":15,"女内射":1,"顏射":1,"天体":3,"5岁":4,"图":2,"色图":1,"照":1,"羚羊":2,"系列":4,"刑":1,"轮奸":5,"水上乐园":1,"厕拍":10,"尿尿":6,"loli":1,"Loli":1,"Loli blowjob":1,"海边":3,"Loli/blowjob":1,"Loli,blowjob":1,"Blowjob":1,"Fellatio":1,"Looping":1,"Russian":1,"Laura b":1,"泳池":1,"Cosplay":1,"娃娃":2,"Laura":1,"娃娃脸":1,"高以媃":1,"loli cosplay":1,"Teen":1,"suck":1,"teen":1,"schoolgirl":1,"苹果跆拳道":1,"影020":1,"Young girl":1,"正太":10,"高":1,"daughter":1,"school":1,"kindergarten":1,"收集":1,"扩阴":1,"暗网":11,"我的信息":1,"用户信息":1,"小说":1,"15 岁":1,"15岁":1,"showfilesbot_1V_V1279489B6H4p4h7y0V5":1,"体检":2,"华西医科大学":1,"自慰":10,"幼女夹腿":1,"showfilesbot_7V_u1o7W4L3W1y5D157V7u5":1,"candydoll":1,"SM":4,"指奸":2,"铅笔":1,"玩弄":5,"多人":2,"AI动画":2,"绳":3,"吊":4,"妈妈女儿":1,"玩女儿":1,"绑":7,"玩幼女":1,"玩":2,"中东 捆绑":1,"捆绑 萝莉":1,"捆绑萝莉":1,"缚":3,"束缚":3,"掰穴":1,"口球":1,"童模":3,"AI":9,"AI小视频":1,"没穿":1,"AI视频":1,"换衣":3,"AI图":1,"游泳":2,"路边":1,"插":11,"走光":3,"1岁":1,"d_BQACAgQAAxkBAAHG8S1mCwY1qAhjB-3suLIDkZY9VNfyOwACjhQAAj4tWVBP0H9wIXueKTQE":1,"精液拌饭":1,"精液食物":1,"精液盖饭":1,"精液":3,"女婴中出":1,"女囚":1,"女犯":1,"镣铐":1,"手铐":3,"张婉莹":2,"大学":1,"喷水":4,"showfilesbot_24P_X1x7A3h76880N64023h0":1,"欧美幼女":2,"SP":1,"母狗日记":1,"鞭打":2,"showfilesbot_1V_P177y4V9i8u0c6k4L6N5":1,"打":9,"showfilesbot_1V_B197m586W7f3A5w0e889":1,"showfilesbot_1V_V1w7a5r4c5b7b7K8H0R2":1,"瑶瑶系列":1,"强奸幼女":2,"哭喊":1,"Libfans":1,"Ai":4,"重口":4,"那你可以幹嘛":1,"6":1,"潮喷":1,"高潮":3,"白浆":1,"假阳具":1,"淫水":1,"震动棒":1,"挠脚":1,"福建":2,"福建兄妹":2,"虐待":2,"欧美乱伦":1,"欧美萝莉":1,"热搜榜单":1,"Tara":1,"炼铜":1,"小豆豆系列":1,"vi_BAACAgUAAxkBDCuk4WSo2igb7XJzanjgojr-iV44Zu_TAALQAgACcINAVCrG8ks_8mSlLwQ":1,"捆綁":2,"芭蕾舞":1,"蘿莉":2,"輪姦":1,"強奸":1,"輪奸":1,"sally":2,"cooldaddy":2,"julia":2,"欧幼":1,"校园暴力":1,"DP Latin":1,"碧香亭":1,"检查":5,"幼女 - 39次":1,"39":1,"14":1,"呦呦":4,"gk":1,"cosplay":2,"showfilesbot_11P_K1n7E4R444S1A8c0W0T6":1,"showfilesbot_20P_31h7p5q7V7j2V1t8J3C6":1,"金子美穗":1,"黑宫丽":1,"肛":7,"乱伦":3,"萝幼天国":1,"女童":1,"兽父":1,"孙女":1,"国外孙女":1,"室外":1,"哭":2,"惨":2,"妈":1,"裸":5,"showfilesbot_15V_L137y5k2k8f9v7D7S3m0":1,"图集":4,"喝尿":2,"公园":2,"毒龙":1,"河边":1,"街拍":1,"接吻":1,"医院":4,"取消":2,"舌吻":1,"打针":1,"灌肠":3,"舔脚":1,"圈养":1,"最新":4,"尿道":2,"玩水":1,"指":1,"手指":1,"指交":1,"脱衣":1,"全根插入":1,"澡堂":1,"带女儿":1,"妹尿":1,"欧美 内射":1,"肛交 内射":1,"欧美":9,"影":1,"电视剧":1,"片段":1,"电影":1,"夏色":1,"夏天":1,"炼就别怕，怕就别炼":1,"短裙":1,"女儿尿":1,"肛塞":2,"铃铛":1,"快手":5,"挠痒":1,"裸体":1,"优酷":3,"日本偷拍":1,"小女孩":5,"拍":1,"拍妹妹":1,"全裸":4,"高中生":4,"邻居":1,"儿童":2,"沙滩":3,"放尿":1,"露天":1,"温泉":1,"着替":1,"爬山":1,"光屁股":1,"泳衣":2,"脱光":3,"幼尸":2,"婴儿插入":1,"泰国插入":1,"泰国幼女":1,"43":2,"7":2,"8":2,"坦克自慰":1,"坦克":8,"vip":1,"厕所":10,"熟女":1,"自摸":1,"showfilesbot_1P_31b7h4f1L1c6f5L8C0Z7":1,"女寝":2,"uu搜索器优惠代码 GN77025569637":3,"showfilesbot_7V_X1w7G38253t6y9u3t7V6\n插入 小学6年级的女儿已经可以完全插入了 \n\nshowfilesbot_1D_69V_q1l7t544i2m3S2w6W5C4 \n坦克 胖胖的幼女在线让你看逼\n\nshowfilesbot_52V_L14785k4f0I0a3M1k582\n动漫  2次元动漫幼女合集\n\nshowfilesbot_2P_25V_J1N7T5o4Z1l2t5R4V5E9\n刚上小学就会用假鸡巴自慰了\n\nshowfilesbot_10V_K1E7Y5n9b9C3A864B1r9\n洋车 口交 2岁欧美幼女口交尿尿\n\nshowfilesbot_16V_O1K7z5w9J8n6X0Y566o9\n插入 顶逼研磨泰国小幼女 \n\nshowfilesbot_2V_Z157P6Y0B0i9N6f3H319\n婴儿 妈妈玩弄女婴的小嫩逼\n\nshowfilesbot_1V_Y1X7b6x0t0m9t4o6c3B5\n插入 找到个小女孩猛操嫩逼\n\nshowfilesbot_50V_p1a7w3e6N7v3i5k7B354\n洋车 插入 口交 合集 \n\nshowfilesbot_4V_U1n7361020e83682Y8x8\n自慰 初中生用衣架当内窥镜玩嫩逼 \n\nshowfilesbot_6V_v1j7M4D2A4v5m7K430G1\n插入 猛操11岁小学生的嫩逼\n\nshowfilesbot_3V_M1Z735G7j8t6P1M2T4T5\n插入 初中女生穿丝袜让男友插嫩逼\n\nshowfilesbot_24V_l1W7e595c4v1B2E1D8m4\n足交 小幼女的小脚按摩鸡巴\n\nshowfilesbot_8V_N1N7x3j9J7U7m2j4C6F8\n插入 和萝莉女儿的幸福生活\n\nshowfilesbot_1V_K1L7W6M0W0O0x1m4o3t8\n自慰 小幼女用牙刷玩喷了":1,"GN77025569637":1,"Cream":1,"Creampie":2,"体内射精":1,"中出し":1,"アナル":1,"舌":1,"屎":5,"牙医麻醉":1,"牙医哥":1,"吞":1,"舔逼":1,"群p":1,"舔女儿":1,"舔屁眼":1,"姐弟":6,"小马":1,"vi_BAACAgUAAxkBAAFwlDpmB7QCGQq2LsEWoU-moabAVdYL3QACbQ4AAgkNOFRMGlq0kOtGXzQE":1,"侏儒":1,"拉小车":1,"检查弟弟":1,"柬埔寨":1,"儿子":1,"孩子":1,"AI女孩":1,"动漫女孩":1,"3D":1,"炒肉哥一字马":1,"集锦":1,"幼儿园女儿":1,"裸舞":4,"白人":1,"3年级":1,"#幼女":1,"#PTCH":1,"#PHTC":1,"#PTHC":1,"#CP":1,"#cpmv":1,"#mv":1,"#7yo":1,"#9yo":1,"#loli":1,"婴":4,"林若依":1,"网红":1,"黑丝":4,"甜静":2,"涵宝":1,"王靖瑶":1,"showfilesbot_":1,"学生":1,"內射":2,"/vip":1,"惩罚":1,"站尿":1,"cocomin":1,"教育":3,"不听话":1,"厕":2,"尿不湿":1,"梵高":2,"舞":1,"美食城":1,"巨":2,"胸":4,"奴":2,"戏水":1,"一起洗澡":1,"大屁股":1,"cocomi":1,"20":2,"41":1,"睡着":4,"屁股":5,"刘格格":1,"芦田爱菜":1,"木村":1,"3岁":2,"15":2,"U15":1,"没穿内裤":1,"日本女孩":2,"台湾":1,"床上尿":1,"小孩":3,"童交":1,"早熟":2,"男童":1,"漏尿":1,"跳舞":2,"幼儿园厕所":1,"强行":1,"强制":2,"扒光":2,"扒裤子":2,"脱":1,"校园":1,"12 岁":1,"9 岁":1,"10 岁":1,"11 岁":1,"13 岁":1,"萝莉尿":1,"小萝莉":3,"泳装":1,"水库":1,"偷窥":1,"偷看":1,"学生系列":1,"俄罗斯":8,"日本幼女":1,"可憐":1,"吊起來":1,"日本js":1,"硬上":1,"硬":1,"日本小学生":1,"js":1,"汗":1,"日本综艺":1,"日本节目":1,"jc":1,"日本资源":1,"日本乡下":1,"俄罗斯幼女":2,"玛莎":2,"足":3,"屁眼":2,"高清":1,"脚":1,"硬核":1,"精油":1,"油":2,"主动":1,"红领巾":1,"黑逼":1,"白虎":2,"诱导":1,"美女":1,"小美女":1,"丁丁包子":1,"乌克兰":2,"毛妹":1,"洋幼":1,"小男孩":3,"母狗":3,"射精":1,"吃精":2,"喝":1,"jk":1,"嫩逼":1,"呦":3,"母女  调教":1,"调教  母女":1,"9岁":2,"7岁":2,"裸体主义":1,"亚当":1,"自然":1,"做什么":1,"咬人":1,"兔":1,"萝莉岛":1,"人兽":1,"母狗母女":1,"可爱女儿口":1,"抹油":1,"涂油":1,"润滑":1,"全身":1,"showfilesbot_18V_P1s725b677R894O7g6c2":1,"动画":1,"YL兄妹":1,"成都":1,"成都学生会":1,"ExLOLI":1,"监控":4,"刘宇轩":1,"刘雨萱":2,"午睡":6,"寝室":1,"女厕":2,"老师":4,"女孩":1,"撸管":1,"撸":1,"手交":1,"打手冲":1,"打手枪":1,"足交":6,"姐姐":2,"妈妈":1,"袜子":1,"老婆":1,"欧洲":1,"同学":1,"极品":3,"抹胸":1,"p_AgACAgUAAxkBAAE_ta5nucTB9j7lP0bycV4KLoYqsph0KAACHcQxG5310VWWJ75dRyPAEAEAAwIAA3kAAzYE":1,"姐弟洗澡":1,"幼儿园监控":2,"游戏":1,"野战":1,"D_DataPanBot_S39VL9SZI1Uz9WiD6C2yCkSs1OqXyb54HbsW84sOXoHG2gxyX6MvOblqqz":1,"10后":1,"包养":1,"漏点":1,"女同":1,"国宝":1,"小国宝":1,"台湾姐妹":1,"刘老师":7,"淫语":1,"凉鞋":2,"菊花":1,"高跟鞋":1,"丝袜":6,"处女":2,"欧汉欧欣":1,"U厕":1,"初中写真":1,"年级":1,"苏菲":1,"强":1,"奴隶":1,"精神小妹":3,"10岁":1,"海报":1,"DAILY":1,"处女膜":1,"鱼哥":2,"霸王茶姬":1,"整根":1,"全根":1,"慰安":1,"图包":1,"奇奇怪怪":1,"tk":2,"二院":2,"水":2,"麻辣女孩":1,"麻辣":1,"素图":1,"陈苏霖":1,"男孩女孩":1,"黑鬼":1,"射嘴里":1,"幼儿园尿尿":1,"格格巫":1,"穿衣":1,"孕":1,"换装":2,"河西":1,"莉子":1,"超大":1,"拘束":2,"猛干":2,"插入合集":1,"暴力":3,"麻花辫":2,"日本AI":1,"中东":1,"萝莉捆绑":1,"uu":3,"4岁小表妹":1,"cs":1,"男孩":1,"伪娘":1,"小姐妹":1,"三姐妹":1,"精选":2,"精品":1,"体操":2,"10v":1,"SM萝莉":1,"萝莉sm":1,"稀有":1,"猎奇":4,"tg机器人":1,"机器人":1,"AI合集":1,"抽插":1,"弟弟":1,"德国":3,"洋妹":1,"开苞":1,"zuiaizujiao":2,"嘴":1,"高中情侣":1,"南天门":2,"14岁":2,"阴道":1,"女童":1,"170":1,"全身黑丝":1,"熟睡":1,"白带":2,"分泌物":1,"亲妹妹":1,"经典视频":1,"肌肉":1,"40":1,"找这个捆绑":1,"这个 捆绑":1,"p_AgACAgUAAxkBAAGailhmH0ylnZhcFKyS9z5to3mLRvYLjAACs7gxG-Hb8FQRkPEbZ62W8AEAAwIAA3MAAzQE":1,"全库随机":1,"套图":2,"法宗坛":2,"viola":1,"vika":1,"valya":1,"bibigon":2,"uranus":1,"amber":1,"凌辱":1,"仙桃妻":1,"李嘉欣":1,"洛阳":1,"泳":4,"诚扬小学":1,"模":1,"雏妓":2,"艺术":2,"群":3,"群交":1,"廁所":1,"海角":2,"林梓萌":1,"萌萌":2,"初中生草b":1,"精神小伙":1,"baby":1,"抽":2,"奶糖":1,"欧美合集":1,"secret stars":1,"狗头萝莉":1,"恧":1,"adn y":1,"ad":1,"a d n":1,"vi_BAACAgUAAxkBGM4vomUi1l5VmhXikMT6MC4prg7XIGIwAAI-CAACVTpgVFbKBagEptBqMAQ":1,"嫩萝酱":1,"550":2,"😋":1,"哎":1,"换脸":1,"😂 | -★- |":1,"罚":1,"漂亮":1,"监狱":1,"看到":1,"佳卉":1,"奔驰哥":3,"更衣室":1,"浴池":1,"宁陵1v4":1,"宁陵初中":1,"振动":1,"包皮":1,"4":1,"男同":1,"处男":1,"黑皮猪":1,"阴唇":2,"幼奴":1,"飞机杯":1,"正太捆绑":1,"网站":2,"清纯":1,"网站搭建":1,"搭建网站":1,"Python":1,"Andy":1,"小学五年级女生":1,"黄药师":3,"鄂州一家人":1,"大炮哥":1,"王小小":3,"兽":3,"狗":1,"兽交":1,"萝莉兽交":1,"3d":1,"ロリ":2,"硬插":1,"家有仙":1,"医学":1,"导尿":1,"唐尤":2,"吃":1,"初三":1,"高二":1,"顶":2,"脸":2,"初二":1,"剪":1,"天使":1,"展示":1,"屁屁":1,"🦌":1,"美图":1,"😍":1,"Amber":1,"April":1,"骆驼趾":1,"轮":1,"白俄罗斯":1,"东欧":1,"开塞露":1,"泰国":1,"Lolipop":1,"点映":1,"牙刷":1,"智慧":1,"磨":1,"指插":1,"玩具":1,"固体胶":1,"塞":1,"强暴":2,"哈哈":1,"炒肉哥11月最新":1,"炒肉哥 11月":1,"新月":1,"微信":1,"喜欢":1,"胶带":1,"固定":1,"甜馨":1,"反差":1,"showfilesbot_1P_q117z5y2j918Q999U991":1,"vi_BAACAgQAAxkBBaQtm2RRYx4HxO3d5easFA5YWCnE6FBhAAJ_DQACO2OJUmgpHfVxOs8uLwQ":1,"908":1,"showfilesbot_1D_l1P7e6U1P4W704o8J6H1":1,"无内":4,"小欣奈":1,"好看":1,"流出":7,"151":1,"分钟":1,"小时":1,"洗":1,"特写":1,"白俄":1,"裸足":1,"痒":1,"showfilesbot_2V_m1I7X5V529h4f1X1t2p5":1,"khai":1,"婴儿内射":1,"阴道内射":1,"双插":1,"双通":2,"拐":1,"带走":1,"犯":1,"3":1,"挠":1,"babyrape":2,"揍":1,"70":1,"白色面具":1,"肛交内射":1,"东南亚幼女":1,"showfilesbot_2V_q1g7n5J61213d7s5m4T6":1,"教室":1,"国产":1,"萝莉图":1,"红书包":1,"盗摄":1,"外面":1,"拍萝莉":1,"拍幼":1,"拍照":2,"387":1,"福建兄弟":1,"Coder":1,"Coser":1,"童":1,"学":1,"玛丽":1,"日本侄女":1,"幼女內射":1,"云南14岁学生妹":1,"哥哥":1,"中学生":1,"肥":1,"射嘴":1,"瑜伽":1,"模特":2,"泄密流出":1,"高颜":1,"探花":1,"入小穴":1,"韩国":1,"15岁韩国妹妹Korean":1,"幼女破处":1,"萝莉自慰":1,"白胖子":1,"整合":2,"杂图":1,"合辑":1,"ntmjmqbot_0p_1v_0d_l8UkuhPQ0XHtR":1,"杂集":1,"羊群":2,"奶头":1,"涂鸦":1,"755":1,"大":1,"大屌":1,"长":1,"masha":1,"西伯利亚鼠":1,"口假屌":1,"av":1,"仙桃":2,"乳":1,"揉":1,"emila":2,"At-091":1,"ntmjmqbot_0p_9v_0d_3ymmLKVg3hOe1   翻老代码翻到的很有感觉的 一个x学生 玩gg和 笔\n南天门解码器：ntmjmqbot":1,"天使之恋":1,"小缘缘":1,"caveman":3,"午睡幼儿园":1,"凌云":1,"幼师":2,"逼迫":1,"检查身体":1,"强歼":1,"虽弓虽奸":1,"弓虽奸":1,"弓虽歼":1,"轮歼":1,"扒衣服":1,"按住":1,"摁住":1,"论坛":1,"麻醉":2,"中国":2,"AI插入":1,"AI捆绑":1,"十号宿舍":1,"血腥":4,"媲美欣":1,"蘑菇头":1,"亲妹":1,"一线天":2,"学校":1,"馒头":2,"小妹子":1,"寝":1,"诊所":1,"代码":2,"代码合集":1,"小柔柔":1,"睡眠":2,"迷j":1,"烤肉":1,"原来坏了":1,"私房":1,"私拍":1,"傻白甜":1,"Bella & Kate":1,"站着尿":1,"床尿":1,"床上":1,"谜歼":1,"谜奸":1,"丢丢兔":1,"安眠药":1,"死":1,"乳钉":1,"穿刺":1,"鹿鹿":1,"星条旗":1,"double penetration":1,"小鹿":1,"stephy":1,"Nancy":1,"深插":1,"dana":1,"Dana":1,"cool daddy":1,"Bibigon":1,"angelina":1,"mel":1,"latin":1,"anal":1,"gretel":2,"pegleg":1,"mari":1,"toddler":1,"ass":1,"Sally":1,"mex":1,"7yo":1,"双穴":1,"提示词":1,"ai关键词":1,"真空":1,"溪":1,"河":1,"肉丝":1,"肉丝袜":1,"中出":1,"麻药":1,"恶心":1,"资源":1,"撒尿":1,"偷拍萝莉":1,"偷拍幼":1,"培训":2,"白袜":1,"showfiles":1,"真实强奸":1,"惨叫":1,"穿环":1,"阴蒂":1,"刺":1,"电球":1,"电极":1,"电":2,"挣扎":1,"把尿":1,"一起":1,"土豆":1,"裤袜":2,"医生":1,"八岁":1,"新流出":1,"未流出":1,"hart":1,"程欣彤":1,"挠脚心":1,"监禁":1,"自虐":1,"性虐":1,"午夜小妈":1,"young":1,"School":1,"Girl":1,"Asian":1,"Korean":1,"Babygirl":1,"laura":1,"Zip":1,"Video":1,"g哥":1,"全家":1,"婷宝":1,"可莉":1,"橙橙":1,"干废":1,"亲吻":1,"睡拍":1,"暗网幼幼":1,"被窝":1,"ntmjmqbot_215p_65v_0d_FlRn8rOUcjXb6":1,"舞蹈鞋":1,"看片软件":1,"海安":1,"辅导班":1,"班":1,"百色":1,"乘骑":1,"后入":3,"奔驰":1,"干正太":1,"100":2,"电动牙刷":1,"马眼":1,"捆绑插入":2,"袁梦琪":1,"ai合集":1,"ai捆绑":1,"ai插入":1,"插入ai":1,"插入+ai":1,"大合集":1,"文件代码":1,"总结":1,"资源群":1,"炒肉群":1,"群链接":1,"链接":2,"pedo":1,"rape":1,"fuck":1,"3p":1,"中合集":1,"小合集":4,"showfilesbot_59P_27V_B1i7F4o319Q8l8r4X2w4":1,"鬼":1,"操":1,"多":1,"showfilesbot_2V_2P_t1z7x6k2l4n0o5X943M7":1,"超级":1,"国外":2,"外国":1,"showfilesbot_1V_11O7l4F2M4L910Z4f0v4":1,"ovzguN1fHWB3_vCC2uqZV0tU=_grp":1,"UfTXiRWwqzar_eDi2uqZV0tU=_grp":1,"折磨幼女":1,"幼女虐":1,"小集合":1,"暗网萝莉":1,"五年级":1,"小幼女":1,"女仆":1,"vi_BAACAgUAAxkBAAG6kf1mCrMqTMX1_g8yRuk0vUgnJ40hmQAC6g0AAlu-KFZwljDVtkcnMTQE":1,"showfilesbot_12V_T1h7L4h4D309O3C0R3F2":1,"幼女内":1,"婚纱":1,"情趣内衣":1,"强扒":1,"被扒":1,"侵犯":1}}